familyId,bucket,priority,datasetCount,distinctSqlCount,moduleGuess,reportNames,datasetNames,coreTables,params,hasNonSelectRiskCount,hasFanruanMacroCount,hasDynamicParameterCount,reason
family_002,usable_reference_then_template,high,114,77,production,明日任务 | 昨日任务 | 今日任务 | 前日任务 | 历史未完工日无 | 任务执行统计报表（统计） | 外协大屏分析 | 拉动式生产PMC,jobper | ds1 | 到料 | 计划落实情况 | 送打光模头查询 | 分配器 | 澄江产品 | 协作单位派发统计,Erp.EmpBasic | Erp.JobAsmbl | Erp.JobHead | Erp.JobOpDtl | Erp.JobOper | Erp.LaborDtl | Erp.OpMaster | Erp.ResourceGroup,产品编号 | 大于实际到料 | 大于实际完工 | 完工日期大于 | 完工日期小于 | 实际到料时间 | 实际完工时间 | 工单编号 | 工序 | 开始日期 | 截止日期 | 报工者 | 状态 | 班组 | 要求完工日期 | 要求完工时间开始 | 要求完工时间结束 | 计划时间 | 资源部门,0,80,80,生产任务/拉动式PMC family，覆盖面大但变体多，先作为参考，后续拆成今日任务/明日任务/完工统计等模板。
family_006,template_candidate_after_schema_mapping,high,52,11,unknown,技术部BOM | ECO查询 - 副本 | ECO查询 | BOM明细 | 随机备件明细 | 工单物料需求 | 缺料明细 | 技术部BOM查询,ds1 | ECO | 详细产品,PUB.ECOMtl | PUB.ECORev | PUB.Part,partnum | 产品编号 | 完工日期大于 | 完工日期小于 | 版本编号,0,37,37,BOM/ECO 查询价值高，SQL结构相对清楚；需确认 PUB.* 与 Erp.* 映射后可做 BOM 明细模板。
family_008,template_candidate_after_schema_mapping,high,37,17,unknown,产品报价 | 产品购销合同 | 产品配置 | 产品配置1,ds1 | 合流器参数 | 静态混合器参数 | 模头参数 | 共挤复合分配器参数 | 过滤器参数 | 熔体计量泵参数 | 熔体管道参数,JCJDY.dbo.ProductQuotation | JCJDY.dbo.ProductQuotationDetail,ContractNo,0,37,37,产品报价/配置外部库 JCJDY，ContractNo 参数明确；确认外部库表结构后可做报价/合同配置查询模板。
family_009,usable_reference_then_template,high,33,32,production,今日任务 | 历史任务 | 昨日任务 | 明日任务 | 拉动式任务执行报表 完工时间 | 拉动式任务督导表完工时间 | 圆模接收未开工统计 | 拉动式任务执行报表,jobper | ds1,Erp.EmpBasic | Erp.JobAsmbl | Erp.JobHead | Erp.JobOpDtl | Erp.JobOper | Erp.LaborDtl | Erp.OpMaster | Erp.Part | Erp.ResourceGroup,gynd | 产品编号 | 接收未开工 | 班组 | 要求完工日期 | 要求完工时间开始 | 要求完工时间结束 | 计划时间 | 资源部门,0,31,31,生产任务执行/过程跟进，高频价值高；变体很多且动态参数多，先参考后拆模板。
family_010,usable_reference_then_template,medium,30,29,sales,精诚模具销售驾驶舱（战区） | 精诚模具销售驾驶舱（集团） | buju | SalesReport | 区域,城市销量1 | 城市销量2 | 品牌销售2023 | 销售明细_ls | 销售明细2023 | 单品销售TOP10 | 22年战区数据 | 销售明细2022,Erp.Customer | Erp.OrderDtl | Erp.OrderHed | Erp.SalesTer,m | y | y1,0,22,22,销售驾驶舱/签约额/销售TOP，能用作销售分析参考；金额口径和部分 JOIN 缺 Company，需要重写后用。
family_013,metric_catalog,high,28,28,purchase,采购部原材料及时率 | 采购部原材料及时率1 | 采购部原材料及时率备份 | 供应商及时率排行榜 | 澄江采购结算审核单 | 澄江入库凭证单 | 澄江入库凭证单原版 | 采购员延期订单,ds1 | data | ds3 | ds2 | ds4,Erp.PODetail | Erp.POHeader | Erp.PORel | Erp.PurAgent | Erp.RcvDtl | Erp.RcvHead | Erp.Vendor,ENDDATE | enddate | month1 | startdate | year1 | 供应商 | 供应商类型 | 延期到货数 | 延期未到货数 | 开始日期 | 开始时间 | 截止日期 | 收货人 | 收货日期止 | 收货日期起 | 是否延期 | 结束时间 | 责任部门 | 采购单 | 采购单号 | 采购员,20,28,28,采购及时率、供应商及时率、延期订单，是业务指标口径，不能直接当明细模板。
family_014,template_candidate,medium,28,7,unknown,澄江详细记录（按日） | 澄江报工明细表(加工中心) | 澄江报工明细表(赵相) | 澄江报工明细表(车床) | 澄江报工明细表(陈丹) | 澄江报工明细表(飞刀) | 加工中心设备看板 | 澄江加工中心报工详细记录(聂工),资源群组 | sel | ds1 | ds2 | 设备分析,Erp.JCDept | Erp.ResourceGroup,部门,0,24,24,JCDept/ResourceGroup 部门班组维表查询，可作为班组/资源群组参数辅助查询。
family_015,metric_catalog,high,27,25,cross_module,采购分析表(不含新开供应商) | 采购分析表 | 采购分析表(不含材料) | 采购分析表(不含材料)-新 | 采购分析表(不含材料)-新2025 | 采购分析表(不含材料)-金属材料 | 采购分析表供应商类别(不含材料),降价表(明细) | 数据源(明细) | 降价表（供应商和类别） | 每月单价数量(同物料不同供应) | 每月单价趋势 | 降价表(采购员) | 降价表（供应商）,Erp.AnalysisCd | Erp.PODetail | Erp.POHeader | Erp.Part | Erp.PartClass | Erp.PartTran | Erp.ProdGrup | Erp.PurAgent | Erp.Vendor,交易开始时间 | 交易结束时间 | 物料号,15,27,27,采购分析、降价、单价趋势，口径重要但涉及 PartTran+PO+价格，适合指标/分析口径。
family_016,template_candidate,high,26,24,sales,buju | SalesReport | 区域 | 星空 | 粒子 | 进出口最终用户查询 | 项目阶段督导,每月下单量 | 当月每日下单量 | 产品ABC1 | 模头下单量 | 产品下单量 | 销售员销售指标1 | 外贸销售员销售指标 | 销售订单,Erp.OrderDtl | Erp.OrderHed,变动日期,0,1,1,销售订单/下单量/签约额，核心表 OrderHed+OrderDtl，结构较简单，可优先抽销售订单明细/趋势模板。
family_017,needs_split_or_low_value,low,25,8,unknown,生产用工单信息表 | 工单未发料信息 | 澄江报工跟进表 | 工单工序详情 | 物料跟踪表 | 生产用工单信息表1 | 客户订单毛利清单-配件 | 已入库项目进度查询,ds2 | ds1 | 群组,Erp.ProdGrup,,0,0,0,代表 SQL 只是 ProdGrup 群组查询，但 family 名混入工单/毛利/项目等，聚类过粗，需拆分后再判断。
family_019,usable_reference_then_template,medium,24,13,sales,全局数据表 | 未来产能分析 | 全局数据表 - 优化(2) | 全局数据表 - 副本 | 喷丝板进度表 | 熔喷进度表 | 计量泵未来产能分析（未集成） | Chain,当月每日下单量 | 销售订单任务 | 配件订单任务 | 营销接单 | ds1 | sales | 生产负荷评估,PUB.OrderDtl | PUB.OrderHed,交货日期大于 | 交货日期小于 | 产品编号,0,10,10,PUB 销售订单/产能/物流费用类，可作参考；需确认 PUB schema 并拆销售订单任务/未来交付模板。
family_021,usable_reference_then_template,high,21,16,cross_module,生产完工统计 | 新产品任务数量去隐藏版本 | 攻坚产品总表 | 产品延期统计 | 外协大屏分析 | 产品进度 | 采购阶段每日到料情况 | 完工查询,完工总检验完工 | 每日派发 | 产品延期统计 | 销售订单任务 | 延期统计 | 生产统计 | 订单统计 | ds1,Erp.JobAsmbl | Erp.JobHead | Erp.JobOper | Erp.JobProd | Erp.LaborDtl | Erp.OrderDtl | Erp.OrderHed,int | left | right | 交货日期大于 | 交货日期小于 | 交货期 | 产品编号 | 完工状态 | 工单编号 | 年份 | 状态,0,15,15,销售订单-工单-工序跨模块进度/延期，NL2SQL价值高；先参考，后抽项目/订单进度模板。
family_022,usable_reference_then_template,medium,21,12,production,采购阶段每日到料情况 | 每日报表自动刷新 | 任务执行统计报表 | 月度排产计划 | 送打光查询 | 每日任务执行统计报表 | 拉动式生产PMC(JCBM)2.0 | 拉动式生产PMC(WG)2.0,jobper | 计划落实情况 | ds1 | 送打光模头查询 | 协作单位派发统计 | 外协详细数据,PUB.EmpBasic | PUB.JobAsmbl | PUB.JobHead | PUB.JobOpDtl | PUB.JobOper | PUB.LaborDtl | PUB.OpMaster | PUB.ResourceGroup,产品编号 | 班组 | 要求完工日期 | 要求完工日期开始 | 要求完工日期结束 | 要求完工时间开始 | 要求完工时间结束 | 要求开工日期 | 资源部门,0,8,8,PUB 生产任务/派发统计，与 family_002 类似，需和 Erp 版本合并或映射。
family_023,usable_reference_then_template,high,21,8,cross_module,全局数据表 | 打光全局数据表  | 打光全局数据表已打光 | 全局数据表 - 优化(2) | 全局数据表 - 副本 | 延期完工数据详细表  | 完工分析 | 打光全局数据表  - 副本,订单任务 | 完工分析,PUB.JobHead | PUB.JobProd | PUB.OrderDtl | PUB.OrderHed,交货日期大于 | 交货日期小于 | 完工日期大于 | 完工日期小于,0,20,20,全局数据表/打光/完工分析，订单-工单进度 family，适合参考后模板化。
family_024,metric_catalog,high,20,19,production,装配车间工时统计表 | 装配车间产品工时统计表 | 涂布产品工时统计表 | 涂布工时统计表 | 装配车间详细记录 | 重复提交督导 | 各班组完工记录分析  | 涂布详细记录,labordtl | 每月工时,Erp.EmpBasic | Erp.JobAsmbl | Erp.JobHead | Erp.JobOper | Erp.LaborDtl | Erp.ProdGrup | Erp.ResourceGroup,a | b | 工单编号 | 工序编号 | 工序部门 | 要求完工日期大于 | 要求完工日期小于,4,13,13,工时统计/加工工时 family，计算口径明显，适合工时指标目录，明细查询另抽模板。
family_025,usable_reference_then_template,high,20,10,cross_module,全局数据表 | 全局数据表 - 优化(2) | 全局数据表 - 副本 | 外协分析 | 打光全局数据表  - 副本 | 打光全局数据表  （增加料未到） | 打光全局数据表  | 打光全局数据表已打光 - 副本 (2),joboper | 外协分析 | 订单任务81,PUB.JobHead | PUB.JobOper | PUB.JobProd | PUB.OrderDtl | PUB.OrderHed,交货日期大于 | 交货日期小于 | 完工日期大于 | 完工日期小于 | 工单编号,0,20,20,全局数据表 joboper，订单-工单-工序明细，适合作为长尾参考并抽工单进度模板。
family_027,template_candidate,high,18,10,inventory,未来产能分析 | 澄江发货看板 | 澄江库存 | 物流费用分析 | 侧板库存 | 侧板库存分析 | 侧板库存纠错 | 侧板每日质检明细,仓库库存 | 仓库报表 | 运输信息,Erp.Part | Erp.PartBin | Erp.PartWhse | Erp.Warehse | Erp.WhseBin,产品描述 | 产品编号 | 物料编号,0,7,7,库存查询 family，Part/PartWhse/PartBin/Warehse 结构清楚，可优先做库存模板。
family_028,metric_catalog,medium,18,9,sales,大客户作战思路 拜访计划 | 大客户作战思路 拜访计划1 | 大客户作战思路 | 大客户作战思路正式 | 产销平台 | 计量泵产能 | 计量泵未来产能分析（未集成）,A类客户 | 全局销售额 | A类产品分析 | 计量泵产能 | 计量泵产能统计,Erp.Customer | Erp.OrderDtl | Erp.OrderHed | Erp.Part | Erp.PartClass | Erp.ProdGrup,,0,0,0,大客户/A类客户/销售额分析，适合销售分析指标；明细模板需另抽。
family_030,usable_reference_then_template,medium,17,11,sales,未来产能分析 | 计量泵未来产能分析（未集成） | 澄江发货看板 | 物流费用分析 | 涂布未来交付量统计 | 涂布明细,已通知未发货模头 | ds1 | 发货通知,Erp.Customer | Erp.OrderDtl | Erp.OrderHed | Erp.OrderRel | Erp.Part | Erp.ProdGrup,ym,0,1,1,未来产能/发货/交付量，销售订单+需求日期，适合参考后抽未来交付模板。
family_031,template_candidate_after_schema_mapping,medium,17,9,production,打光全局数据表  | 打光全局数据表已打光 | 生产进度详细表 | 任务甘特图 | 打光全局数据表  - 副本 | 打光全局数据表  （增加料未到） | 打光全局数据表已打光 - 副本 (2) | 打光全局数据表已打光 - 副本,工序最新进度 | jobper | joboper | ds1 | ds2,PUB.JobOper,jobnum | 要求完工日期,0,2,2,PUB.JobOper 单表工序进度，适合做按工单查工序进度，但需避免 select * 并确认 PUB 映射。
family_032,metric_catalog,medium,17,2,cross_module,未来产能分析 | 计量泵未来产能分析（未集成） | 物流费用分析 | 涂布未来交付量统计 | 高端平模头 | 澄江发货看板,今日完工量 | 当月每日完工量,PUB.JobHead | PUB.JobOper | PUB.JobProd | PUB.LaborDtl | PUB.OrderHed,,0,0,0,今日/当月完工量统计，适合完工量指标。
family_035,usable_reference_then_template,high,15,9,cross_module,喷丝板进度表 | 熔喷进度表 | 外协分析 | 加工速度分析模型 | 新产品任务数量 - 副本 (2) | 新产品任务数量 - 副本 (3) | 新产品任务数量 - 副本 | 新产品任务数量,销售订单任务 | 完工总检验完工 | 外协分析 | 接收还未开工,PUB.JobAsmbl | PUB.JobHead | PUB.JobOper | PUB.JobProd | PUB.LaborDtl | PUB.OrderDtl | PUB.OrderHed,int | left | right | 交货日期大于 | 交货日期小于 | 交货期 | 产品编号 | 完工状态 | 工单编号 | 年份 | 状态,0,15,15,外协/喷丝板/熔喷进度，跨订单-工单-工序，适合参考后模板化。
family_036,metric_catalog,high,15,9,cross_module,中国式库存记录增加消耗值 | 中国式进出记录记录 | 中国式库存记录 | 澄江常备库存使用报表 | 总厂配件仓中国式库存记录 呆滞品 | 总厂配件仓中国式库存记录 | 财务类别进销存明细,ds1 | 历史消耗量统计 | ds2,Erp.Part | Erp.PartClass | Erp.PartTran | Erp.PartWhse | Erp.ProdGrup | Erp.RcvDtl,变动日期开始 | 变动日期结束 | 物料分类 | 物料群组 | 类别,0,11,11,中国式库存记录/进销存，TranType 分类口径复杂，应沉淀库存流水/进销存口径。
family_037,template_candidate,high,15,4,cross_module,发货通知 | 计量泵组 | 发货通知 滚动 | 未来产能分析 | 澄江发货看板 | 物流费用分析 | 涂布未来交付量统计 | 高端平模头,发货通知 | 计量泵发货通知,Erp.CustCnt | Erp.Customer | Erp.JobProd | Erp.OrderDtl | Erp.OrderHed | Erp.OrderRel | Erp.PartWhse | Erp.ShipTo,,0,0,0,发货通知 family，订单+客户+联系人+库存，结构清晰，可抽发货通知/待发货模板。
family_038,template_candidate,medium,15,2,unknown,澄江报工明细表(加工中心) | 澄江报工明细表(赵相) | 澄江报工明细表(车床) | 澄江报工明细表(陈丹) | 澄江报工明细表(飞刀) | 澄江加工中心报工详细记录(聂工) | 澄江报工详细记录(聂工) | 澄江报工详细记录(聂工)1,工序,Erp.OpMasDtl | Erp.OpMaster,部门,0,15,15,OpMaster 工序/部门筛选，适合作为工序字典/工序参数辅助模板。
family_040,unusable_noise,none,15,1,unknown,三维饼图 | 饼图 | 最大值标记饼图 | 环形图 | 3Darea | 3Darea_1 | 3Darea_2 | 3Darea_3,ds1,,,0,0,0,图表示例/订单演示表，无 ERP coreTables，不用于 SQL Agent。
family_041,metric_catalog,medium,14,7,cross_module,计量泵组 | 液压站发货看板 | 澄江产品完工统计,今日完工量 | 一周完工统计表 | 历史月完工量 | ds1 | 统计表 | 液压站历史月完工量,Erp.JobHead | Erp.JobOper | Erp.JobProd | Erp.LaborDtl | Erp.OrderHed | Erp.ProdGrup,要求完工时间开始 | 要求完工时间结束 | 订单编号,0,1,1,今日完工量/历史完工量，适合完工统计指标。
family_042,metric_catalog,medium,14,6,cross_module,圆模事业部完工及时率 | 当月入库明细 | 涂布事业部完工及时率 | 维修完工及时率 | 圆模事业部完工及时率-按完工 | 圆模维修完工及时率 | 圆模完工及时率 | 平模事业部完工及时率,data1 | ds1,Erp.JobHead | Erp.PartTran,MON | a | b | date1 | date2,0,14,14,完工及时率/入库明细混合，及时率入指标；入库明细可后续拆模板。
family_048,unusable_noise,none,13,1,unknown,折线-面积组合图 | 柱形-折线三维组合图 | 柱形-折线堆积组合图 | 柱形-折线组合图 | 柱形-面积堆积组合图 | 坐标轴交互 | 提示点组合图 | DoubleFigure,ds1,,,0,0,0,图表示例，产品演示表，无 ERP coreTables，不用。
family_049,metric_catalog,medium,12,7,purchase,财务采购管理看板 | 采购中心管理看板,每月采购金额 | 采购员采购情况 | 供应商采购金额 | 多维度分析 | 每月采购情况 | 供应商数量,Erp.POHeader | Erp.PurAgent | Erp.PurTerms | Erp.Vendor,cgy,0,6,6,采购管理看板/月采购金额/采购员采购情况，适合采购金额指标。
family_050,template_candidate,high,12,5,inventory,计量泵组 | 液压站发货看板,预装区库存 | 计量泵库存 | 计量泵库存倒序 | 液压站库存 | 液压站库存倒序,Erp.Part | Erp.PartBin | Erp.PartClass | Erp.PartWhse | Erp.ProdGrup | Erp.Warehse | Erp.WhseBin,,0,0,0,库存 family，结构稳定无宏无动态参数，优先抽库存查询模板。
family_051,metric_catalog,medium,12,1,purchase,总厂采购结算审核单加工费 | 精艺采购结算审核单 | 总厂采购结算审核单加工费 - 发王旭 | 对账单 加是否开票 | 总厂采购结算审核单加工费 - 加是否开票 | 采购结算明细 | 总厂采购收货单 | 总厂采购研发结算审核单加工费,加工费,Erp.POHeader | Erp.POMisc | Erp.PurAgent,,0,0,0,采购结算加工费/POMisc，金额类结算口径，适合指标/结算明细模板草稿但不作为通用模糊查询首批。
family_053,metric_catalog,medium,11,10,finance,费用统计-圆模 | 费用统计-平模+配件 | 费用统计-涂布 | 供应商余额表 | 客户余额表 | 供应商往来明细账 | 供应商往来明细账1 | 客户往来明细账,ds1 | 明细账追踪 | 余额,Erp.COASegValues | Erp.GLAcctDisp | Erp.GLJrnDtl,Period1 | Period2 | SegmentDesc | edate | sdate | 供应商 | 公司 | 客户 | 开始日期 | 总账 | 描述 | 科目代码 | 科目名称 | 结束日期,0,11,11,财务费用/往来/科目余额，财务口径，先沉淀指标/口径。
family_057,metric_catalog,high,10,10,cross_module,配件完工及时率 | 配件完工及时率-年月 | 配件完工及时率1 | 配件事业部完工及时率1(旧) | 配件完工及时率 - 副本,data | sum2 | 每个月完工数量,Erp.JobHead | Erp.JobOper | Erp.JobProd | Erp.OrderDtl | Erp.OrderHed | Erp.OrderRel | Erp.PODetail | Erp.Part | Erp.Partmtl | Erp.ProdGrup | Erp.RcvDtl | Erp.SalesCat | Erp.ShipDtl | Erp.ShipHead | Erp.UserComp,a | b | end | enddate | month1 | start | startdate | year1,10,9,10,配件完工及时率，临时表多语句，必须做指标口径，不直接模板化。
family_059,metric_catalog,high,10,6,cross_module,成本数据表 | 成本数据表1 | 成本数据表 - 副本,ds1 | ds2,Erp.JobHead | Erp.JobOper | Erp.LaborDtl | Erp.OrderDtl | Erp.OrderHed | Erp.Part | Erp.PartClass | Erp.PartTran | Erp.ProdGrup | Erp.Qimorate | dbo.QiMoJob | dbo.QiMoJob_Exception,Company | begindate | comboBox0 | enddate | 开始时间 | 结束时间,0,10,10,成本数据表，复杂成本核算口径，不能直接模板化，进入业务指标/成本口径。
family_060,usable_reference_then_template,medium,10,6,production,打光环节模头待加工数据看板 | 电镀厂模头待加工数据看板 | 质量分析 | 侧板每日质检明细 | 电镀厂模头待加工数据分析,ds1 | 完工量 | 侧板库存,Erp.EmpBasic | Erp.JobAsmbl | Erp.JobHead | Erp.JobMtl | Erp.JobOpDtl | Erp.JobOper | Erp.LaborDtl | Erp.OpMaster | Erp.ResourceGroup,完工日期大于 | 完工日期小于 | 物料编号,0,1,1,待加工/完工量/质检，看板类生产统计，可参考后抽模板。
family_061,metric_catalog,medium,10,5,production,生产部量化 | 各班组完工记录分析  | Mes数据分析平台 | Mes表格单独数据纠错 | 任务甘特图 | 各班组完工记录分析  - 副本 | 每日任务,labordtl | 效率数据,PUB.LaborDtl | PUB.ResourceGroup,加工部门 | 提交日期大于 | 提交日期小于,0,4,4,生产部量化/效率数据，工时效率口径，先做指标。
family_062,template_candidate,high,10,3,purchase,到货跟踪表 | 到货跟踪明细表,ds1 | ds2 | 七天内 | 两天内,Erp.PODetail | Erp.POHeader | Erp.PORel | Erp.PurAgent | Erp.RcvDtl | Erp.Vendor,七天将延期 | 三天将延期 | 两天将延期 | 将延期 | 状态 | 类别 | 采购员,0,10,10,到货跟踪/延期跟踪，采购 PO+PORel+RcvDtl，适合优先抽采购到货/延期模板。
family_066,metric_catalog,medium,10,1,unknown,事业部成本费用 | 售后提成测算 | 提成测算-备份0724 | 提成测算-外贸 | 提成测算 | 提成测算1.1 | 提成测算2.0 | 提成测算2026,ds2,Erp.QiMoDanJia,Month | Year,0,0,10,事业部成本费用/提成测算，财务/提成口径，不做普通模板。
family_067,unusable_noise,none,10,1,unknown,Accumulative_1 | Accumulative_2 | Accumulative_4 | ConditionsSummary | PeriodChain | 同期比 | 月报与年报 | 条件汇总,ds1,,,0,0,0,Accumulative/同期比示例表订单，非 ERP coreTables，不用。
family_074,metric_catalog,medium,9,8,cross_module,各班组未完工订单汇总 | 各班组未完工订单汇总1 | 各班组订单汇总2025 | 各班组订单汇总 | 配件完工及时率-年月 | 配件完工及时率 | 配件完工及时率1,sum | data | data1 | ds1,Erp.JobHead | Erp.JobOper | Erp.JobProd | Erp.OrderDtl | Erp.OrderHed | Erp.OrderRel | Erp.Part | Erp.ProdGrup | Erp.SalesCat | Erp.UserComp,a | a1 | b | end | enddate | ky | month1 | month2 | start | startdate | year1 | 班组,9,9,9,班组订单汇总/及时率，临时表多语句，沉淀指标口径。
family_075,usable_reference_then_template,medium,9,7,production,澄江报工明细表(赵相) | 澄江报工明细表(陈丹) | 澄江报工明细表(飞刀) | 澄江加工中心报工详细记录(聂工) | 澄江报工明细表(加工中心) | 澄江报工明细表(车床),labordtl,Erp.Cjcc_yggz | Erp.EmpBasic | Erp.JCDept | Erp.JobAsmbl | Erp.JobHead | Erp.JobMtl | Erp.JobOper | Erp.LaborDtl | Erp.OpMaster | Erp.ResourceGroup | dbo.QiMoRate,a | b | c | time1 | time2 | 产品编号 | 工单编号 | 工序 | 工序部门 | 开始日期大于 | 开始日期小于 | 报工人员 | 要求完工日期大于 | 要求完工日期小于 | 资源群组 | 部门,1,9,9,澄江报工明细，SQL有明细价值，但含工资相关注释/自定义表，先参考后整理报工明细模板。
family_076,template_candidate,high,9,7,cross_module,工单物料需求 | 模体料需求计划 | 缺料明细 | TEST | 未来需求,发货通知 | 总需求来 | 未来需求审核,Erp.JobHead | Erp.JobMtl | Erp.Part | Erp.PartClass | Erp.PartWhse,交期止 | 交期起 | 物料编号 | 要求完工时间开始 | 要求完工时间结束,0,8,8,工单物料需求/缺料明细，JobMtl+JobHead+PartWhse，适合优先抽缺料/物料需求模板。
family_077,metric_catalog,medium,9,6,cross_module,圆模事业部完工及时率1 | 平模事业部完工及时率1 | 涂布事业部完工及时率1 | 配件事业部完工及时率1 | 产品完工未报工序督导,每个月完工数量 | 完工明细 | ds1,Erp.EmpBasic | Erp.JobHead | Erp.JobOper | Erp.JobProd | Erp.LaborDtl | Erp.OrderDtl | Erp.OrderHed | Erp.Part,产品编号 | 工单编号 | 开始日期 | 结束日期 | 订单编号,4,1,1,完工及时率/完工明细混合，及时率入指标，明细另拆。
family_078,usable_reference_then_template,medium,9,6,cross_module,星空 | 粒子,每月完工量 | 今日完工量 | 当月每日完工量,Erp.JobHead | Erp.JobOper | Erp.JobProd | Erp.LaborDtl | Erp.OrderHed,,0,0,0,生产/销售跨模块看板类，需看具体 SQL 后作为参考。
family_079,needs_split_or_low_value,low,9,4,unknown,生产用工单信息表 | 生产用工单信息表1 | 年度物料采购领用表 | 供应商分析报表-外协 | 供应商分析报表,ds3 | ds2 | 细分,Erp.AnalysisCd,,0,0,0,仅 AnalysisCd，family 名混入生产用工单/采购领用，聚类疑似过粗，需拆分。
family_080,template_candidate_after_schema_mapping,high,9,4,unknown,产品报价 | 产品配置1 | 产品购销合同 | 产品配置,ds2 | ds3,JCJDY.dbo.ProductQuotation,ContractNo,0,7,7,产品报价/配置，JCJDY 外部库，和 family_008 可合并成报价配置模板。
family_081,metric_catalog,medium,9,1,cross_module,未来产能分析 | 计量泵未来产能分析（未集成） | 澄江发货看板 | 物流费用分析 | 涂布未来交付量统计 | 高端平模头,每月完工量,PUB.JobAsmbl | PUB.JobHead | PUB.JobOper | PUB.JobProd | PUB.LaborDtl | PUB.OrderDtl | PUB.OrderHed | PUB.OrderRel | PUB.Part,,0,0,0,未来产能/发货看板，统计/看板口径，先指标。
family_082,usable_reference_then_template,medium,9,1,sales,未来产能分析 | 计量泵未来产能分析（未集成） | 澄江发货看板 | 物流费用分析 | 涂布未来交付量统计 | 高端平模头,每月下单量,PUB.OrderDtl | PUB.OrderHed | PUB.Part | PUB.ProdGrup,,0,0,0,PUB 销售订单+Part，未来产能/发货参考，需 schema 映射。
family_086,template_candidate,high,8,8,cross_module,每月研发料费分析 | 研发工单BOM完整性查询 | 研发物料发料清单 | 每月研发加工费分析 | 研发工单BOM加工费发放查询 | 研发工单BOM发放查询 | 研发工单物料发放情况查询,ds1,Erp.JobAsmbl | Erp.JobHead | Erp.JobMtl | Erp.PartTran | Erp.Project,date1 | 交易日期 | 产品编号 | 发放状态 | 工单关闭 | 工单编号 | 开始时间 | 结束时间 | 结束时间大于,0,6,6,研发工单BOM完整性/研发物料发料清单，JobMtl/JobHead/JobAsmbl，可抽研发物料/BOM检查模板。
family_087,metric_catalog,medium,8,8,unknown,圆模设计及时率 | 平模事业部设计及时率 | 涂布事业部设计及时率 | 配件事业部设计及时率,ds1 | 延期明细,JCJDY.dbo.DesignTimely,,0,0,0,设计及时率，外部表 JCJDY.dbo.DesignTimely，指标口径。
family_088,usable_reference_then_template,medium,8,4,sales,计量泵组 | 液压站发货看板,一周发货统计表 | 历史月发货量 | 液压站月发货量,Erp.Part | Erp.ProdGrup | Erp.ShipDtl | Erp.ShipHead,,0,0,0,ShipDtl/Part 发货相关，适合作为发货明细参考。
family_089,template_candidate,high,8,4,inventory,中国式库存记录 | 中国式库存记录增加消耗值 | 总厂配件仓中国式库存记录 呆滞品 | 澄江常备库存使用报表 | 中国式库存记录自动刷新 | 总厂配件仓中国式库存记录,各仓库,Erp.Part | Erp.PartBin | Erp.PartWhse,物料编号,0,7,7,库存/库龄/呆滞品，PartWhse/PartBin 结构清楚，可抽库存和呆滞库存模板。
family_090,metric_catalog,medium,8,3,purchase,刀具报表 | 刀具统计 | 控本统计 | 采购控本统计 | 采购控本统计1 | 采购汇总统计,统计 | ds1 | 总计,Erp.PODetail | Erp.POHeader | Erp.Part | Erp.ProdGrup | Erp.PurAgent | Erp.Vendor,下单日期从 | 下单日期到 | 类型,0,8,8,刀具报表/控本统计，采购+刀具+成本控制，先指标/分析口径。
family_091,metric_catalog,medium,8,3,cross_module,平模完工及时率 | 平模完工及时率1 | 维修完工及时率 | 高端平模完工及时率 | 高端平模维修及时率 | 高端平模维修及时率1 | 高端平模涂布完工及时率 | 高端平模涂布维修及时率,data1,Erp.JobHead | Erp.Part | Erp.PartRev | Erp.PartTran,a | b | date1 | date2,0,8,8,完工及时率，指标口径。
family_092,template_candidate,medium,8,3,unknown,报工明细 | 总厂圆模详细记录(聂工) | 维修组报工明细 | 澄江报工明细 | 报工工时 | 澄江报工明细-精艺 | 报工明细 - 分车间,ds2 | 工序,Erp.ResourceGroup,,0,0,0,报工明细/资源群组，需补表关系后可做报工基础明细或参数辅助。
family_093,metric_catalog,medium,8,2,sales,提成测算-备份0724 | 提成测算-外贸 | 提成测算 | 提成测算1.1 | 提成测算2.0 | 提成测算2026 | 提成测算3.0 | 提成测算备份,ds3 | ds4,Erp.OrderHed,,0,0,0,提成测算，指标/测算口径。
family_094,unusable_noise,none,8,1,unknown,Chain | Compare | Proportion | Rankings | 占比 | 差值 | 排名 | 环比,ds1,,,0,0,0,Chain/Compare/Proportion 类示例，缺 ERP coreTables，不用。
family_097,unusable_noise,none,8,1,unknown,条形图 | 三维堆积条形图 | 三维条形图 | 三维条形图（横向） | 堆积条形图 | 条形图轴逆序 | 百分比堆积条形图,ds1,,,0,0,0,条形图示例，缺 ERP coreTables，不用。
family_098,metric_catalog,medium,7,7,cross_module,产成品库龄表 | 产成品库龄明细表 | 每周产成品库龄表 | 每周产成品明细表,ds1 | ds2 | ds3,Erp.JobProd | Erp.OrderDtl | Erp.OrderHed | Erp.Part | Erp.PartBin | Erp.PartTran | Erp.ProdGrup | Erp.UserFile | Erp.Warehse | Erp.WhseBin,下单人 | 库龄 | 类型 | 群组,2,4,4,产成品库龄/库龄明细，适合库存库龄指标，明细可后续拆。
family_099,metric_catalog,medium,7,7,cross_module,提成测算-外贸 | 提成测算2026 | 提成测算-备份0724 | 提成测算 | 提成测算1.1,ds1 | ds5,Erp.Customer | Erp.OrderDtl | Erp.OrderHed | Erp.Part | Erp.PartClass | Erp.PartTran | Erp.ProdGrup | Erp.QiMoDanJia,Cust | Month | Year | edate | sdate | thedate | thsdate | 事业部 | 人员 | 是否入库 | 是否提货 | 是否特殊 | 项目负责人,7,7,7,提成测算，临时表/多语句，指标口径。
family_100,metric_catalog,high,7,6,cross_module,客户订单低毛利清单-圆模 | 客户订单低毛利清单-平模+配件 | 客户订单低毛利清单-涂布 | 客户订单毛利清单-圆模 | 客户订单毛利清单-平模+配件 | 客户订单毛利清单-涂布 | 客户订单毛利清单-配件,ds1,Erp.Customer | Erp.JobMtl | Erp.JobOper | Erp.JobProd | Erp.LaborDtl | Erp.OrderDtl | Erp.OrderHed | Erp.Part | Erp.PartClass | Erp.PartTran | Erp.ProdGrup | Erp.QiMoDanJia | dbo.QiMoDanJia,Company | Month | Name | PartNum | Year | lx | order | ordertype | qz | 年份 | 开始时间 | 结束时间 | 项目负责人,7,7,7,客户订单低毛利清单，毛利/成本指标口径，不直接模板化。
